"quantile","mean","lower","upper","aver_sero","rr"
"Q1",1,1,1,11.925,1
"Q2",1.19685985587808,1.08608610753444,1.29571034674453,14.2,1.19077568134172
"Q3",1.54378514331552,1.02993476508099,2.03832637821217,17.82,1.49433962264151
"Q4",1.29754201708437,0.678227360308285,1.79786422578185,15.465,1.29685534591195
"Q5",0.697110547060912,0.537482071604974,0.827609720321146,8.28,0.694339622641509
"Q6",0.740149594634409,0.674867912625187,0.801273925719356,8.7525,0.733962264150943
