"quantile","mean","lower","upper","aver_sero","rr"
"Q1",1,1,1,15.2454545454545,1
"Q2",0.539359405901899,0.47355166583908,0.589781362337248,8.075,0.529666070363745
"Q3",0.866315276667482,0.742349540222011,0.98153897806718,13.054,0.856255217650566
"Q4",1.72837639374601,1.5920641724328,1.86494523754305,26,1.70542635658915
"Q5",0.88548225788437,0.671781914362884,1.06906146936231,13.6,0.892069171138939
"Q6",1.49185911160576,1.13762340906388,1.74135113048216,22.09,1.4489564698867
