"quantile","mean","lower","upper","aver_sero","rr"
"Q1",1,1,1,19.84125,1
"Q2",0.674717143367291,0.542397040821626,0.795155030440085,12.9845,0.654419454419454
"Q3",0.758930107377239,0.503166748565336,0.955888298049445,14.455,0.728532728532728
"Q4",0.826287685208942,0.701862886506296,0.911646586345382,15.89,0.800856800856801
"Q5",1.48734920492194,1.08790886995227,1.82054689004429,28.1405,1.41828261828262
"Q6",1.4269791398505,1.16863196940601,1.63526132652178,27.65,1.39356139356139
